incident_id,Incident_Title,incident_impact_level,Incident_color,provider,Playground,API,DALL-E,ChatGPT,api.anthropic.com,claude.ai,console.anthropic.com,Character.AI,REST API,gRPC API,Stable Assistant,investigating_flag,investigating_timestamp,investigating_description,identified_flag,identified_timestamp,identified_description,monitoring_flag,monitoring_timestamp,monitoring_description,resolved_flag,resolved_timestamp,resolved_description,postmortem_flag,postmortem_timestamp,postmortem_description,start_timestamp,close_timestamp,time_span,over_one_day
5dabb0863fcf,REST API Errors,2,#ff8c00,StabilityAI,0,0,0,0,0,0,0,0,1,0,0,1,2023-12-28 11:52:04.455000+00:00,We are currently investigating elevated error rates detected by our monitoring.,0,,,0,,,1,2023-12-28 12:52:00+00:00,This incident has been resolved.,0,,,2023-12-28 11:52:04+00:00,2023-12-28 12:52:00+00:00,0 days 00:59:55,False
cbdf7f227a5f,REST API Errors,2,#ff8c00,StabilityAI,0,0,0,0,0,0,0,0,1,0,0,1,2023-12-21 18:40:04.449000+00:00,We are currently investigating elevated error rates detected by our monitoring.,0,,,0,,,1,2023-12-21 18:45:25.209000+00:00,A temporary issue caused downtime for the Stable Diffusion 1.6 endpoint.,0,,,2023-12-21 18:40:04+00:00,2023-12-21 18:45:25+00:00,0 days 00:05:20,False
391757285a57,REST API Errors,2,#ff8c00,StabilityAI,0,0,0,0,0,0,0,0,1,0,0,1,2023-12-18 14:00:05.312000+00:00,We are currently investigating elevated error rates detected by our monitoring.,0,,,0,,,1,2023-12-18 16:50:18.194000+00:00,This incident has been resolved.,0,,,2023-12-18 14:00:05+00:00,2023-12-18 16:50:18+00:00,0 days 02:50:12,False
8d370838790a,REST API Errors,2,#ff8c00,StabilityAI,0,0,0,0,0,0,0,0,1,0,0,0,,,0,,,0,,,1,2023-12-10 14:40:53.795000+00:00,We have mitigated the errors.,0,,,2023-12-10 14:40:53+00:00,2023-12-10 14:40:53+00:00,0 days 00:00:00,False
23d9f7b701e0,REST API Errors,0,#00b093,StabilityAI,0,0,0,0,0,0,0,0,1,0,0,0,,,0,,,0,,,1,2023-12-06 14:20:52.176000+00:00,We have resolved the errors.,0,,,2023-12-06 14:20:52+00:00,2023-12-06 14:20:52+00:00,0 days 00:00:00,False
b907a9fe98bc,REST API Errors,2,#ff8c00,StabilityAI,0,0,0,0,0,0,0,0,1,0,0,1,2023-11-30 10:50:52.306000+00:00,We are currently investigating elevated error rates detected by our monitoring.,0,,,0,,,1,2023-11-30 11:10:00+00:00,This incident has been resolved.,0,,,2023-11-30 10:50:52+00:00,2023-11-30 11:10:00+00:00,0 days 00:19:07,False
1b2e2335c432,REST API Errors,2,#ff8c00,StabilityAI,0,0,0,0,0,0,0,0,1,0,0,1,2023-11-17 14:15:52.164000+00:00,We are currently investigating elevated error rates detected by our monitoring.,0,,,0,,,1,2023-11-17 14:20:00+00:00,This incident has been resolved.,0,,,2023-11-17 14:15:52+00:00,2023-11-17 14:20:00+00:00,0 days 00:04:07,False
64c5c8dfbe7f,REST API Errors,2,#ff8c00,StabilityAI,0,0,0,0,0,0,0,0,1,0,0,1,2023-11-16 19:48:50.632000+00:00,We are currently investigating elevated error rates detected by our monitoring.,0,,,0,,,1,2023-11-16 20:01:03.349000+00:00,SDXL v2.2.2 was briefly disrupted during deprecation of legacy models. Service has now been restored.,0,,,2023-11-16 19:48:50+00:00,2023-11-16 20:01:03+00:00,0 days 00:12:12,False
b3be1c7cab78,REST API Errors,2,#ff8c00,StabilityAI,0,0,0,0,0,0,0,0,1,0,0,1,2023-11-05 20:32:35.571000+00:00,We are currently investigating elevated error rates detected by our monitoring.,1,2023-11-05 21:13:58.175000+00:00,An issue with one of our inference hosts is resulting in errors on legacy models. SDXL generations appear unaffected at this time.,0,,,1,2023-11-06 01:32:45.518000+00:00,This incident has been resolved.,0,,,2023-11-05 20:32:35+00:00,2023-11-06 01:32:45+00:00,0 days 05:00:09,False
76b3fd5adeba,REST API Errors,2,#ff8c00,StabilityAI,0,0,0,0,0,0,0,0,1,0,0,0,,,1,2023-10-30 20:09:18.422000+00:00,API failures have been traced to an outage with one of our service providers. We will continue monitoring and provide updates as soon as possible.,1,2023-10-30 20:25:44.681000+00:00,We are seeing signs of recovery across all services.,1,2023-10-30 20:37:19.563000+00:00,This incident has been resolved.,0,,,2023-10-30 20:37:19+00:00,2023-10-30 20:37:19+00:00,0 days 00:00:00,False
330d4f6e579a,REST API Errors,2,#ff8c00,StabilityAI,0,0,0,0,0,0,0,0,1,0,0,1,2023-10-23 20:33:50.383000+00:00,We are currently investigating elevated error rates detected by our monitoring.,0,,,0,,,1,2023-10-23 20:48:00+00:00,Ongoing efforts to address the root cause of yesterday\\'s issue caused a brief disruption in service.,0,,,2023-10-23 20:33:50+00:00,2023-10-23 20:48:00+00:00,0 days 00:14:09,False
6eaecc51b8e8,REST API Errors,2,#ff8c00,StabilityAI,0,0,0,0,0,0,0,0,1,0,0,1,2023-10-22 19:04:50.640000+00:00,We are currently investigating elevated error rates detected by our monitoring.,0,,,1,2023-10-22 19:59:15.084000+00:00,A network failure on our backend systems caused an interruption in service for some users. We have resolved the underlying issue and are monitoring to ensure systems recover.,1,2023-10-22 20:06:45.510000+00:00,This incident has been resolved.,0,,,2023-10-22 19:04:50+00:00,2023-10-22 20:06:45+00:00,0 days 01:01:54,False
653abadebf8b,REST API Errors,2,#ff8c00,StabilityAI,0,0,0,0,0,0,0,0,1,0,0,1,2023-10-16 16:01:34.068000+00:00,We are currently investigating elevated error rates detected by our monitoring.,0,,,0,,,1,2023-10-16 16:41:00+00:00,This incident has been resolved.,0,,,2023-10-16 16:01:34+00:00,2023-10-16 16:41:00+00:00,0 days 00:39:25,False
be9f29d46dbe,REST API Errors,2,#ff8c00,StabilityAI,0,0,0,0,0,0,0,0,1,0,0,1,2023-10-12 04:12:18.020000+00:00,We are currently investigating elevated error rates detected by our monitoring.,0,,,0,,,1,2023-10-12 04:13:26.568000+00:00,This incident has been resolved.,0,,,2023-10-12 04:12:18+00:00,2023-10-12 04:13:26+00:00,0 days 00:01:08,False
6ec7c1e8b06f,REST API Errors,2,#ff8c00,StabilityAI,0,0,0,0,0,0,0,0,1,0,0,1,2023-10-11 20:40:34.583000+00:00,We are currently investigating elevated error rates detected by our monitoring.,0,,,0,,,1,2023-10-11 22:05:00+00:00,We identified & resolved an issue caused by an update which was impacting a small percentage of requests.,0,,,2023-10-11 20:40:34+00:00,2023-10-11 22:05:00+00:00,0 days 01:24:25,False
85987e4a5433,REST API Errors,2,#ff8c00,StabilityAI,0,0,0,0,0,0,0,0,1,0,0,1,2023-10-11 17:32:34.012000+00:00,We are currently investigating elevated error rates detected by our monitoring.,0,,,0,,,1,2023-10-11 17:37:17.605000+00:00,This incident has been resolved.,0,,,2023-10-11 17:32:34+00:00,2023-10-11 17:37:17+00:00,0 days 00:04:43,False
5034d5d726b3,REST API Errors,2,#ff8c00,StabilityAI,0,0,0,0,0,0,0,0,1,0,0,1,2023-10-10 22:07:34.165000+00:00,We are currently investigating elevated error rates detected by our monitoring.,0,,,0,,,1,2023-10-10 22:20:12.550000+00:00,This incident has been resolved.,0,,,2023-10-10 22:07:34+00:00,2023-10-10 22:20:12+00:00,0 days 00:12:38,False
7afb935c9463,REST API Errors,2,#ff8c00,StabilityAI,0,0,0,0,0,0,0,0,1,0,0,1,2023-10-04 15:56:34.515000+00:00,We are currently investigating elevated error rates detected by our monitoring.,0,,,0,,,1,2023-10-04 16:06:39.448000+00:00,This incident has been resolved.,0,,,2023-10-04 15:56:34+00:00,2023-10-04 16:06:39+00:00,0 days 00:10:04,False
b86958517aff,REST API Errors,2,#ff8c00,StabilityAI,0,0,0,0,0,0,0,0,1,0,0,1,2023-10-01 19:47:34.740000+00:00,We are currently investigating elevated error rates detected by our monitoring.,0,,,0,,,1,2023-10-01 19:50:00+00:00,This incident has been resolved.,0,,,2023-10-01 19:47:34+00:00,2023-10-01 19:50:00+00:00,0 days 00:02:25,False
dfc7d1143b03,API slowdown/outage,4,#8f485d,StabilityAI,0,0,0,0,0,0,0,0,1,1,0,0,,,1,2023-03-31 20:50:00+00:00,We are investigating an outage with our API.,0,,,1,2023-03-31 21:50:00+00:00,This incident has been resolved.,0,,,2023-03-31 21:50:00+00:00,2023-03-31 21:50:00+00:00,0 days 00:00:00,False
8da284cb5ad4,Errors with generations on some models,2,#ff8c00,StabilityAI,0,0,0,0,0,0,0,0,1,1,0,0,,,1,2023-02-02 03:08:19.903000+00:00,We are currently updating some infrastructure which may cause API errors.,0,,,1,2023-02-02 03:49:44.032000+00:00,We have completed updates and all models are running normally.,0,,,2023-02-02 03:49:44+00:00,2023-02-02 03:49:44+00:00,0 days 00:00:00,False
92b47a01bc68,Increased error rate,0,#00b093,StabilityAI,0,0,0,0,0,0,0,0,1,1,0,0,,,1,2023-01-26 03:22:44.445000+00:00,A networking issue at our cloud provider is causing increased error rates.,0,,,1,2023-01-26 04:48:49.043000+00:00,We just resolved the issue!,0,,,2023-01-26 04:48:49+00:00,2023-01-26 04:48:49+00:00,0 days 00:00:00,False
ea4ebead5652,API errors,0,#00b093,StabilityAI,0,0,0,0,0,0,0,0,1,0,0,1,2023-01-25 04:47:12.928000+00:00,Our cloud provider is investigating issues which may be surfacing upstream to DreamStudio and our APIs as errors.,0,,,0,,,1,2023-01-25 05:37:02.141000+00:00,All services are restored to normal operation.,0,,,2023-01-25 04:47:12+00:00,2023-01-25 05:37:02+00:00,0 days 00:49:49,False
7dcb90b51418,Platform Outage,4,#8f485d,StabilityAI,0,0,0,0,0,0,0,0,1,1,0,0,,,1,2023-01-24 06:00:00+00:00,Network maintenance at our cloud provider is resulting in API errors. DreamStudio and the REST and gRPC APIs may produce errors. We are working with our partners on resolving the issues.,1,2023-01-24 06:38:10.044000+00:00,"Our cloud provider has restored service, we are monitoring the platform for any irregularities.",1,2023-01-24 06:57:24.186000+00:00,All services are again operating normally.,0,,,2023-01-24 06:57:24+00:00,2023-01-24 06:57:24+00:00,0 days 00:00:00,False
55aaa0c78f24,REST API Errors,2,#ff8c00,StabilityAI,0,0,0,0,0,0,0,0,1,0,0,1,2023-06-30 14:40:48.110000+00:00,We are currently investigating elevated error rates detected by our monitoring.,1,2023-06-30 14:50:33.913000+00:00,We are continuing to work on a fix for this incident.,1,2023-06-30 14:59:45.925000+00:00,We implemented a fix and are currently monitoring the result.,1,2023-06-30 15:05:30.402000+00:00,This incident has been resolved.,0,,,2023-06-30 14:40:48+00:00,2023-06-30 15:05:30+00:00,0 days 00:24:42,False
6bf84f417577,REST API Errors,2,#ff8c00,StabilityAI,0,0,0,0,0,0,0,0,1,0,0,1,2023-06-29 10:06:34.030000+00:00,We are currently investigating elevated error rates detected by our monitoring.,0,,,0,,,1,2023-06-29 10:28:04.750000+00:00,This incident has been resolved.,0,,,2023-06-29 10:06:34+00:00,2023-06-29 10:28:04+00:00,0 days 00:21:30,False
68e8f43444f5,REST API Errors,2,#ff8c00,StabilityAI,0,0,0,0,0,0,0,0,1,0,0,0,,,0,,,0,,,1,2023-06-04 10:09:04.509000+00:00,We are currently investigating elevated error rates detected by our monitoring.,0,,,2023-06-04 10:09:04+00:00,2023-06-04 10:09:04+00:00,0 days 00:00:00,False
cd4f4ef16e04,REST API Errors,2,#ff8c00,StabilityAI,0,0,0,0,0,0,0,0,1,0,0,0,,,0,,,0,,,1,2023-06-03 19:49:04.908000+00:00,We are currently investigating elevated error rates detected by our monitoring.,0,,,2023-06-03 19:49:04+00:00,2023-06-03 19:49:04+00:00,0 days 00:00:00,False
14941468e623,Intermittent latency and errors,1,#ecc94b,StabilityAI,0,0,0,0,0,0,0,0,1,1,0,1,2023-06-01 23:19:04.650000+00:00,We are currently investigating elevated error rates detected by our monitoring.,0,,,1,2023-06-02 12:14:19.621000+00:00,We implemented a fix and are currently monitoring the result.,1,2023-06-02 19:08:39.699000+00:00,This incident has been resolved.,0,,,2023-06-01 23:19:04+00:00,2023-06-02 19:08:39+00:00,0 days 19:49:35,False
f0f912463163,REST API Errors,2,#ff8c00,StabilityAI,0,0,0,0,0,0,0,0,1,0,0,1,2023-05-25 12:46:06.215000+00:00,We are currently investigating elevated error rates detected by our monitoring.,1,2023-05-25 12:50:10.968000+00:00,An issue has been identified causing errors for SD 1.5 generations. A fix is in process.,0,,,1,2023-05-25 15:41:38.719000+00:00,This incident has been resolved.,0,,,2023-05-25 12:46:06+00:00,2023-05-25 15:41:38+00:00,0 days 02:55:32,False
04880d21d27a,REST API Errors,2,#ff8c00,StabilityAI,0,0,0,0,0,0,0,0,1,0,0,1,2023-05-22 08:48:04.641000+00:00,We are currently investigating elevated error rates detected by our monitoring.,1,2023-05-22 08:59:33+00:00,An outage at our cloud provider is resulting in errors for inference on engines other than SDXL. At this time SDXL is still operating normally. We will monitor the situation and provide an update when possible.,0,,,1,2023-05-22 09:42:04.293000+00:00,The API errors have resolved.,0,,,2023-05-22 08:48:04+00:00,2023-05-22 09:42:04+00:00,0 days 00:53:59,False
3949625dd2cf,Increased generation times,1,#ecc94b,StabilityAI,0,0,0,0,0,0,0,0,1,1,0,1,2023-05-16 13:30:20.822000+00:00,We are investigating longer than expected generation times that may lead to client timeouts.,0,,,1,2023-05-17 02:30:39.701000+00:00,We have updated the API to address the sporadic latency issues and are monitoring the result.,1,2023-05-17 03:43:45.369000+00:00,Generation times have returned to normal. We will continue monitoring the platform.,0,,,2023-05-16 13:30:20+00:00,2023-05-17 03:43:45+00:00,0 days 14:13:24,False
59459a0f8217,Some models unavailable due to datacenter outage,2,#ff8c00,StabilityAI,0,0,0,0,0,0,0,0,1,0,0,0,,,1,2023-05-11 06:45:00+00:00,A fiber cut affecting one of our infrastructure providers caused failures to occur for many requests. SDXL inference appears to be unaffected.,0,,,1,2023-05-11 09:00:00+00:00,"All services have been restored using a backup location. Additionally, an issue was identified that prevented automated status page updates during this outage.",0,,,2023-05-11 09:00:00+00:00,2023-05-11 09:00:00+00:00,0 days 00:00:00,False
797a9f7d23d7,REST API Errors,2,#ff8c00,StabilityAI,0,0,0,0,0,0,0,0,1,0,0,1,2023-09-30 22:42:35.232000+00:00,We are currently investigating elevated error rates detected by our monitoring.,0,,,0,,,1,2023-09-30 22:45:00+00:00,This incident has been resolved.,0,,,2023-09-30 22:42:35+00:00,2023-09-30 22:45:00+00:00,0 days 00:02:24,False
ffe0837f2662,REST API Errors,2,#ff8c00,StabilityAI,0,0,0,0,0,0,0,0,1,0,0,1,2023-09-26 03:39:48.400000+00:00,We are currently investigating elevated error rates detected by our monitoring.,0,,,0,,,1,2023-09-26 03:40:00+00:00,This incident has been resolved.,0,,,2023-09-26 03:39:48+00:00,2023-09-26 03:40:00+00:00,0 days 00:00:11,False
61748c083b2a,REST API Errors,2,#ff8c00,StabilityAI,0,0,0,0,0,0,0,0,1,0,0,1,2023-09-19 22:00:20.667000+00:00,We are currently investigating elevated error rates detected by our monitoring.,0,,,1,2023-09-19 22:12:53.582000+00:00,"An outage at one of our cloud providers resulted in errors for API users. Services appear to be recovering, however we will continue to monitor the situation.",1,2023-09-20 00:00:00+00:00,This incident has been resolved.,0,,,2023-09-19 22:00:20+00:00,2023-09-20 00:00:00+00:00,0 days 01:59:39,False
a2ba81cb5c6a,REST API Errors,2,#ff8c00,StabilityAI,0,0,0,0,0,0,0,0,1,0,0,1,2023-08-30 16:56:05.318000+00:00,We are currently investigating elevated error rates detected by our monitoring.,1,2023-08-30 17:04:02.058000+00:00,An outage impacting legacy models has been identified. A fix is in process.,1,2023-08-30 17:05:00.334000+00:00,We implemented a fix and are currently monitoring the result.,1,2023-08-30 18:00:00+00:00,This incident has been resolved.,0,,,2023-08-30 16:56:05+00:00,2023-08-30 18:00:00+00:00,0 days 01:03:54,False
565470011298,REST API Errors,2,#ff8c00,StabilityAI,0,0,0,0,0,0,0,0,1,0,0,0,,,0,,,0,,,1,2023-08-28 20:29:44.474000+00:00,We are currently investigating elevated error rates detected by our monitoring.,0,,,2023-08-28 20:29:44+00:00,2023-08-28 20:29:44+00:00,0 days 00:00:00,False
8125190d0b74,REST API Errors,2,#ff8c00,StabilityAI,0,0,0,0,0,0,0,0,1,0,0,1,2023-08-08 22:06:50.454000+00:00,We are currently investigating elevated error rates detected by our monitoring.,0,,,0,,,1,2023-08-08 22:08:00+00:00,This incident has been resolved.,0,,,2023-08-08 22:06:50+00:00,2023-08-08 22:08:00+00:00,0 days 00:01:09,False
a31180549ee9,API Service Degraded,2,#ff8c00,StabilityAI,0,0,0,0,0,0,0,0,1,1,0,0,,,1,2024-03-31 04:43:49.754000+00:00,We have identified an issue with our orchestration layer. Some endpoints may be offline or slower to respond.,1,2024-03-31 06:18:55.087000+00:00,We have recovered all services and are monitoring to ensure no further issues arise.,1,2024-03-31 06:36:57.760000+00:00,Primary and backup systems have recovered and all services are now operating normally.,0,,,2024-03-31 06:36:57+00:00,2024-03-31 06:36:57+00:00,0 days 00:00:00,False
412c3c1cb709,Slow API Responses,2,#ff8c00,StabilityAI,0,0,0,0,0,0,0,0,1,1,0,1,2024-03-27 13:48:00+00:00,We are currently investigating the cause of some slow responses from both gRPC and REST APIs.,0,,,0,,,1,2024-03-27 14:04:00+00:00,This incident has been resolved.,0,,,2024-03-27 13:48:00+00:00,2024-03-27 14:04:00+00:00,0 days 00:16:00,False
8ebf1190a00b,REST API Errors,2,#ff8c00,StabilityAI,0,0,0,0,0,0,0,0,1,0,0,1,2024-03-15 13:29:22.965000+00:00,We are currently investigating elevated error rates detected by our monitoring.,0,,,0,,,1,2024-03-15 13:34:00+00:00,This incident has been resolved.,0,,,2024-03-15 13:29:22+00:00,2024-03-15 13:34:00+00:00,0 days 00:04:37,False
eafe89cf34ee,REST API Errors,2,#ff8c00,StabilityAI,0,0,0,0,0,0,0,0,1,0,0,1,2024-03-07 20:53:50.733000+00:00,We are currently investigating elevated error rates detected by our monitoring.,0,,,0,,,1,2024-03-07 21:08:12.777000+00:00,A service failure on our backend database temporarily disrupted API traffic. This issue has now been resolved.,0,,,2024-03-07 20:53:50+00:00,2024-03-07 21:08:12+00:00,0 days 00:14:22,False
71520f76a008,REST API Errors,2,#ff8c00,StabilityAI,0,0,0,0,0,0,0,0,1,0,0,1,2024-03-06 01:26:49.259000+00:00,We are currently investigating elevated error rates detected by our monitoring.,0,,,0,,,1,2024-03-06 05:40:25.921000+00:00,This incident has been resolved.,0,,,2024-03-06 01:26:49+00:00,2024-03-06 05:40:25+00:00,0 days 04:13:36,False
f6ae08d5bd97,REST API Errors,2,#ff8c00,StabilityAI,0,0,0,0,0,0,0,0,1,0,0,1,2024-02-26 22:10:18.294000+00:00,We are currently investigating elevated error rates detected by our monitoring.,0,,,0,,,1,2024-02-26 22:25:00+00:00,This incident has been resolved.,0,,,2024-02-26 22:10:18+00:00,2024-02-26 22:25:00+00:00,0 days 00:14:41,False
c2649a8b9d9f,REST API Errors,2,#ff8c00,StabilityAI,0,0,0,0,0,0,0,0,1,0,0,1,2024-02-26 18:28:51.140000+00:00,We are currently investigating elevated error rates detected by our monitoring.,0,,,0,,,1,2024-02-26 18:32:49.165000+00:00,A brief disruption in our backend services caused failure in some inference engines. The issue is now resolved.,0,,,2024-02-26 18:28:51+00:00,2024-02-26 18:32:49+00:00,0 days 00:03:58,False
71d0852e4f99,REST API Errors,2,#ff8c00,StabilityAI,0,0,0,0,0,0,0,0,1,0,0,1,2024-02-16 14:05:18.018000+00:00,We are currently investigating elevated error rates detected by our monitoring.,1,2024-02-16 15:11:17.195000+00:00,We identified a transient issue on our backend which auto-resolved.,0,,,1,2024-02-16 15:11:24.959000+00:00,This incident has been resolved.,0,,,2024-02-16 14:05:18+00:00,2024-02-16 15:11:24+00:00,0 days 01:06:06,False
fb4f9d04bb95,Increased Latency Spikes,1,#ecc94b,StabilityAI,0,0,0,0,0,0,0,0,1,1,0,0,,,1,2024-02-13 12:55:53.112000+00:00,A backend issue is causing spikes of increased latency.,0,,,1,2024-02-14 08:06:38.605000+00:00,We have completed a backend migration that should resolve the latency spikes.,0,,,2024-02-14 08:06:38+00:00,2024-02-14 08:06:38+00:00,0 days 00:00:00,False
ff0b5613b40c,REST API Errors,2,#ff8c00,StabilityAI,0,0,0,0,0,0,0,0,1,0,0,1,2024-02-13 10:55:53.056000+00:00,We are currently investigating elevated error rates detected by our monitoring.,0,,,0,,,1,2024-02-13 10:55:53.041000+00:00,This incident has been resolved.,0,,,2024-02-13 10:55:53+00:00,2024-02-13 10:55:53+00:00,0 days 00:00:00,False
83f155f60ea8,REST API Errors,2,#ff8c00,StabilityAI,0,0,0,0,0,0,0,0,1,0,0,1,2024-02-10 18:21:48.096000+00:00,We are currently investigating elevated error rates detected by our monitoring.,0,,,0,,,1,2024-02-10 22:45:00+00:00,An outage at one of our cloud providers resulted in significant degradation of API services for several hours. This has now been resolved.,0,,,2024-02-10 18:21:48+00:00,2024-02-10 22:45:00+00:00,0 days 04:23:11,False
d4b0c219fe4c,REST API Errors,2,#ff8c00,StabilityAI,0,0,0,0,0,0,0,0,1,0,0,1,2024-02-10 17:00:21.882000+00:00,We are currently investigating elevated error rates detected by our monitoring.,0,,,0,,,1,2024-02-10 18:06:06.803000+00:00,This incident has been resolved.,0,,,2024-02-10 17:00:21+00:00,2024-02-10 18:06:06+00:00,0 days 01:05:44,False
4cb4ec6acd57,REST API Errors,4,#8f485d,StabilityAI,0,0,0,0,0,0,0,0,1,0,0,1,2024-06-27 17:30:23.417000+00:00,We are currently investigating elevated error rates detected by our monitoring.,0,,,0,,,1,2024-06-27 17:50:57.776000+00:00,This incident has been resolved.,0,,,2024-06-27 17:30:23+00:00,2024-06-27 17:50:57+00:00,0 days 00:20:34,False
12d19878d882,REST API Errors,2,#ff8c00,StabilityAI,0,0,0,0,0,0,0,0,1,0,0,1,2024-06-20 18:19:25.471000+00:00,We are currently investigating elevated error rates detected by our monitoring which is affecting our SD3 REST endpoints.,0,,,0,,,1,2024-06-20 18:26:07.086000+00:00,This incident has been resolved.,0,,,2024-06-20 18:19:25+00:00,2024-06-20 18:26:07+00:00,0 days 00:06:41,False
de54dde7b834,REST API Errors,2,#ff8c00,StabilityAI,0,0,0,0,0,0,0,0,1,0,0,1,2024-06-10 16:34:20.388000+00:00,We are currently investigating elevated error rates detected by our monitoring.,0,,,0,,,1,2024-06-10 16:40:00+00:00,This incident has been resolved.,0,,,2024-06-10 16:34:20+00:00,2024-06-10 16:40:00+00:00,0 days 00:05:39,False
57fbfcfe35db,REST API Errors,4,#8f485d,StabilityAI,0,0,0,0,0,0,0,0,1,0,0,1,2024-05-29 14:57:50.164000+00:00,We are currently investigating elevated error rates detected by our monitoring.,1,2024-05-29 15:06:18.704000+00:00,A network outage is impacting API services. We are continuing to work on a fix.,1,2024-05-29 15:30:06.527000+00:00,Services are recovering and we are monitoring the situation.,1,2024-05-29 15:42:33.525000+00:00,This incident has been resolved.,0,,,2024-05-29 14:57:50+00:00,2024-05-29 15:42:33+00:00,0 days 00:44:43,False
4cb98d47f114,REST API Errors,2,#ff8c00,StabilityAI,0,0,0,0,0,0,0,0,1,0,0,1,2024-05-29 11:18:22.498000+00:00,We are currently investigating elevated error rates detected by our monitoring.,0,,,0,,,1,2024-05-29 12:20:10.173000+00:00,This incident has been resolved.,0,,,2024-05-29 11:18:22+00:00,2024-05-29 12:20:10+00:00,0 days 01:01:47,False
d887c5475df1,REST API Errors,2,#ff8c00,StabilityAI,0,0,0,0,0,0,0,0,1,0,0,1,2024-05-29 08:42:53.543000+00:00,We are currently investigating elevated error rates detected by our monitoring.,0,,,0,,,1,2024-05-29 09:57:55.527000+00:00,This incident has been resolved.,0,,,2024-05-29 08:42:53+00:00,2024-05-29 09:57:55+00:00,0 days 01:15:01,False
237f7a90f3e6,REST API Errors,2,#ff8c00,StabilityAI,0,0,0,0,0,0,0,0,1,0,0,1,2024-05-29 01:12:50.919000+00:00,We are currently investigating elevated error rates detected by our monitoring.,0,,,0,,,1,2024-05-29 01:18:08.165000+00:00,A network disruption impacted some traffic to V1 endpoints. This is now resolved.,0,,,2024-05-29 01:12:50+00:00,2024-05-29 01:18:08+00:00,0 days 00:05:17,False
ef0e9a97c280,REST API Errors,2,#ff8c00,StabilityAI,0,0,0,0,0,0,0,0,1,0,0,1,2024-05-28 09:22:52.743000+00:00,We are currently investigating elevated error rates detected by our monitoring.,0,,,1,2024-05-28 10:32:25.990000+00:00,We implemented a fix and are currently monitoring the result.,1,2024-05-28 10:36:23.176000+00:00,This incident has been resolved.,0,,,2024-05-28 09:22:52+00:00,2024-05-28 10:36:23+00:00,0 days 01:13:30,False
7f867ebd07f1,REST API Errors,2,#ff8c00,StabilityAI,0,0,0,0,0,0,0,0,1,0,0,1,2024-05-28 06:42:52.207000+00:00,We are currently investigating elevated error rates detected by our monitoring.,0,,,0,,,1,2024-05-28 07:02:38.901000+00:00,This incident has been resolved.,0,,,2024-05-28 06:42:52+00:00,2024-05-28 07:02:38+00:00,0 days 00:19:46,False
6391bcbe62fb,SDXL 1.0 Inference Errors,2,#ff8c00,StabilityAI,0,0,0,0,0,0,0,0,1,1,0,1,2024-05-27 13:42:52.984000+00:00,We are currently investigating elevated error rates detected by our monitoring.,0,,,1,2024-05-27 17:12:11.483000+00:00,SDXL 1.0 service has recovered and we are continuing to monitor it.,1,2024-05-27 18:05:48.230000+00:00,The issue has now been resolved.,0,,,2024-05-27 13:42:52+00:00,2024-05-27 18:05:48+00:00,0 days 04:22:55,False
35c35626825b,REST API Errors,2,#ff8c00,StabilityAI,0,0,0,0,0,0,0,0,1,0,0,1,2024-05-27 08:42:52.730000+00:00,We are currently investigating elevated error rates detected by our monitoring.,0,,,0,,,1,2024-05-27 09:30:17.912000+00:00,This incident has been resolved.,0,,,2024-05-27 08:42:52+00:00,2024-05-27 09:30:17+00:00,0 days 00:47:25,False
7bbbc045127f,REST API Errors,2,#ff8c00,StabilityAI,0,0,0,0,0,0,0,0,1,0,0,1,2024-05-24 09:27:52.110000+00:00,We are currently investigating elevated error rates detected by our monitoring.,0,,,0,,,1,2024-05-24 10:25:00+00:00,This incident has been resolved.,0,,,2024-05-24 09:27:52+00:00,2024-05-24 10:25:00+00:00,0 days 00:57:07,False
1c068420cbca,API platform outage,4,#8f485d,StabilityAI,0,0,0,0,0,0,0,0,1,1,0,1,2024-05-22 09:48:34.386000+00:00,We are currently investigating elevated error rates detected by our monitoring.,1,2024-05-22 12:10:36.913000+00:00,We are seeing recovery in services beginning with V2 APIs. Our team is continuing to work towards full recovery.,1,2024-05-22 13:25:08.109000+00:00,V2 APIs are stable and V1 APIs are now recovering. We are continuing to monitor.,1,2024-05-22 14:19:27.235000+00:00,This incident has been resolved.,0,,,2024-05-22 09:48:34+00:00,2024-05-22 14:19:27+00:00,0 days 04:30:52,False
4dc36240c712,REST API Errors,2,#ff8c00,StabilityAI,0,0,0,0,0,0,0,0,1,0,0,1,2024-05-21 17:40:33.870000+00:00,We are currently investigating elevated error rates detected by our monitoring.,1,2024-05-21 20:04:48.369000+00:00,We are continuing to work on a fix for this incident.,0,,,1,2024-05-21 20:04:56.472000+00:00,This incident has been resolved.,0,,,2024-05-21 17:40:33+00:00,2024-05-21 20:04:56+00:00,0 days 02:24:22,False
b1c7d21c9d6f,Our APIs are currently experiencing some issues and we have an ongoing investigation.,0,#00b093,StabilityAI,0,0,0,0,0,0,0,0,1,1,0,1,2024-05-21 17:36:56.469000+00:00,We are currently investigating this incident.,0,,,0,,,1,2024-05-21 20:06:05.568000+00:00,This incident has been resolved.,0,,,2024-05-21 17:36:56+00:00,2024-05-21 20:06:05+00:00,0 days 02:29:09,False
7739a23170a4,Increase Error Rate on Search and Replace,1,#ecc94b,StabilityAI,0,0,0,0,0,0,0,0,1,0,0,1,2024-05-08 22:00:00+00:00,We are troubleshooting an error in the REST API\\'s search-and-replace endpoint that is causing it to return bogus 200s with an unexpected JSON payload.,0,,,0,,,1,2024-05-08 23:00:00+00:00,This incident has been resolved.,0,,,2024-05-08 22:00:00+00:00,2024-05-08 23:00:00+00:00,0 days 01:00:00,False
f20cc1ace717,Issues with DreamStudio History feature,2,#ff8c00,StabilityAI,0,0,0,0,0,0,0,0,0,0,0,1,2024-05-03 21:51:31.709000+00:00,"We are investigating an issue with DreamStudio\\'s history feature not showing recent generations. Despite not appearing in history, we have confirmed they are being stored and indexed. We are looking into the root cause and expect all generations will be visible once resolved.",1,2024-05-04 06:55:38.599000+00:00,"We have identified the root cause and prepared a fix, which is currently in testing.",0,,,1,2024-05-04 19:19:19.474000+00:00,This incident has been resolved. Images generated during the incident should be visible in history.,0,,,2024-05-03 21:51:31+00:00,2024-05-04 19:19:19+00:00,0 days 21:27:47,False
cd6c70f51847,REST API Errors,2,#ff8c00,StabilityAI,0,0,0,0,0,0,0,0,1,0,0,1,2024-04-29 15:30:34.338000+00:00,We are currently investigating elevated error rates detected by our monitoring.,0,,,0,,,1,2024-04-29 15:53:25.295000+00:00,An outage with our SD1.6 inference service has been resolved. No other services were impacted.,0,,,2024-04-29 15:30:34+00:00,2024-04-29 15:53:25+00:00,0 days 00:22:50,False
bffed22804c8,REST API Errors,2,#ff8c00,StabilityAI,0,0,0,0,0,0,0,0,1,0,0,1,2024-04-12 20:06:04.745000+00:00,We are currently investigating elevated error rates detected by our monitoring.,0,,,0,,,1,2024-04-12 20:46:03.501000+00:00,SD1.6 inference temporarily experienced increased latency or errors. This has been resolved.,0,,,2024-04-12 20:06:04+00:00,2024-04-12 20:46:03+00:00,0 days 00:39:58,False
9a9ee5dba3ed,REST API Errors,2,#ff8c00,StabilityAI,0,0,0,0,0,0,0,0,1,0,0,1,2024-04-12 03:29:20.450000+00:00,We are currently investigating elevated error rates detected by our monitoring.,1,2024-04-12 03:52:56.119000+00:00,We are again experiencing issues with our cloud provider impacting V1 endpoints.,1,2024-04-12 04:18:35.526000+00:00,"Services are beginning to recover, we are continuing to monitor the issue.",1,2024-04-12 04:58:08.179000+00:00,"This incident has been resolved, but we will continue to monitor in case of regression.",0,,,2024-04-12 03:29:20+00:00,2024-04-12 04:58:08+00:00,0 days 01:28:47,False
9dfcc5c7c018,REST API Errors,2,#ff8c00,StabilityAI,0,0,0,0,0,0,0,0,1,0,0,1,2024-04-11 13:46:22.850000+00:00,We are currently investigating elevated error rates detected by our monitoring.,1,2024-04-11 13:54:00.975000+00:00,A DNS outage at one of our cloud providers is causing API failures on v1 API endpoints. v2 API endpoints are unaffected at this time.,0,,,1,2024-04-11 14:25:35.986000+00:00,This incident has been resolved.,0,,,2024-04-11 13:46:22+00:00,2024-04-11 14:25:35+00:00,0 days 00:39:13,False
1f750dd39c78,REST API Errors,2,#ff8c00,StabilityAI,0,0,0,0,0,0,0,0,1,0,0,0,,,1,2024-04-09 14:52:23.076000+00:00,V1 APIs are currently impacted by a platform outage. V2 APIs appear to be unaffected at this time. We are working towards resolving this ASAP.,1,2024-04-09 15:42:08.472000+00:00,We are seeing recovery on all services now and are continuing to monitor.,1,2024-04-09 15:45:59.838000+00:00,This incident has been resolved.,0,,,2024-04-09 15:45:59+00:00,2024-04-09 15:45:59+00:00,0 days 00:00:00,False
6e4487f4cbd9,REST API Errors,2,#ff8c00,StabilityAI,0,0,0,0,0,0,0,0,1,0,0,1,2024-04-04 19:27:58.280000+00:00,We are currently investigating elevated error rates detected by our monitoring.,0,,,0,,,1,2024-04-04 19:27:58.264000+00:00,This incident has been resolved.,0,,,2024-04-04 19:27:58+00:00,2024-04-04 19:27:58+00:00,0 days 00:00:00,False
6e18646b63ac,REST API Errors,2,#ff8c00,StabilityAI,0,0,0,0,0,0,0,0,1,0,0,1,2024-04-04 19:12:58.509000+00:00,We are currently investigating elevated error rates detected by our monitoring.,0,,,0,,,1,2024-04-04 19:15:00+00:00,This incident has been resolved.,0,,,2024-04-04 19:12:58+00:00,2024-04-04 19:15:00+00:00,0 days 00:02:01,False
6a3f7b6d0efa,REST API Errors,2,#ff8c00,StabilityAI,0,0,0,0,0,0,0,0,1,0,0,1,2024-04-04 00:04:52.201000+00:00,We are currently investigating elevated error rates detected by our monitoring.,0,,,0,,,1,2024-04-04 00:16:51.952000+00:00,This incident has been resolved.,0,,,2024-04-04 00:04:52+00:00,2024-04-04 00:16:51+00:00,0 days 00:11:59,False
ca52cfbaaa4e,REST API Errors,2,#ff8c00,StabilityAI,0,0,0,0,0,0,0,0,1,0,0,1,2024-04-02 10:02:24.332000+00:00,We are currently investigating elevated error rates detected by our monitoring.,0,,,0,,,1,2024-04-02 10:47:42.770000+00:00,This incident has been resolved.,0,,,2024-04-02 10:02:24+00:00,2024-04-02 10:47:42+00:00,0 days 00:45:18,False
e453db224d81,Increased latency for some endpoints,1,#ecc94b,StabilityAI,0,0,0,0,0,0,0,0,1,1,0,0,,,1,2024-09-12 08:21:24.531000+00:00,"Due to high demand, the following V2 API endpoints are experiencing delays running inference. Please increase client side timeouts if you are receiving errors. We are working to address the issues.
All upscale endpoints (conservative, creative, fast)
Stable Image Edit - Outpaint",0,,,1,2024-09-12 12:53:48.202000+00:00,This incident has been resolved.,0,,,2024-09-12 12:53:48+00:00,2024-09-12 12:53:48+00:00,0 days 00:00:00,False
ab135a4b26bb,REST API Errors,2,#ff8c00,StabilityAI,0,0,0,0,0,0,0,0,1,0,0,1,2024-08-28 21:32:52.838000+00:00,We are currently investigating elevated error rates detected by our monitoring.,0,,,0,,,1,2024-08-28 22:00:00+00:00,This incident has been resolved.,0,,,2024-08-28 21:32:52+00:00,2024-08-28 22:00:00+00:00,0 days 00:27:07,False
c3deb1bde815,Stable Assistant Partial Outage,2,#ff8c00,StabilityAI,0,0,0,0,0,0,0,0,0,0,1,0,,,0,,,1,2024-08-28 16:44:28.762000+00:00,We implemented a fix and are currently monitoring the result.,1,2024-08-28 18:18:14.438000+00:00,This incident has been resolved.,0,,,2024-08-28 18:18:14+00:00,2024-08-28 18:18:14+00:00,0 days 00:00:00,False
e8f2eb3a8a95,REST API Errors (SDXL 1.0),2,#ff8c00,StabilityAI,0,0,0,0,0,0,0,0,1,0,0,1,2024-08-26 15:07:52.533000+00:00,We are currently investigating elevated error rates detected by our monitoring.,0,,,0,,,1,2024-08-26 16:16:12.972000+00:00,This incident has been resolved.,0,,,2024-08-26 15:07:52+00:00,2024-08-26 16:16:12+00:00,0 days 01:08:20,False
e1984e85750d,REST API Errors,2,#ff8c00,StabilityAI,0,0,0,0,0,0,0,0,1,0,0,1,2024-08-22 16:18:05.144000+00:00,We are currently investigating elevated error rates detected by our monitoring.,0,,,0,,,1,2024-08-23 04:40:00+00:00,This incident has been resolved.,0,,,2024-08-22 16:18:05+00:00,2024-08-23 04:40:00+00:00,0 days 12:21:54,False
9de9742932ca,REST API Errors,2,#ff8c00,StabilityAI,0,0,0,0,0,0,0,0,1,0,0,1,2024-08-20 11:37:52.004000+00:00,We are currently investigating elevated error rates detected by our monitoring.,0,,,0,,,1,2024-08-20 12:41:11.489000+00:00,This incident has been resolved.,0,,,2024-08-20 11:37:52+00:00,2024-08-20 12:41:11+00:00,0 days 01:03:19,False
ec161c46bcc7,REST API Errors,2,#ff8c00,StabilityAI,0,0,0,0,0,0,0,0,1,0,0,1,2024-08-05 14:58:20.702000+00:00,We are currently investigating elevated error rates detected by our monitoring.,0,,,0,,,1,2024-08-05 15:06:00+00:00,This incident has been resolved.,0,,,2024-08-05 14:58:20+00:00,2024-08-05 15:06:00+00:00,0 days 00:07:39,False
729969102aa3,REST API SD3 Endpoint Outage,2,#ff8c00,StabilityAI,0,0,0,0,0,0,0,0,1,0,0,1,2024-08-02 18:17:06.096000+00:00,We are currently investigating this incident.,0,,,1,2024-08-02 18:23:11.568000+00:00,We implemented a fix and are currently monitoring the result.,1,2024-08-02 20:21:08.128000+00:00,This incident has been resolved.,0,,,2024-08-02 18:17:06+00:00,2024-08-02 20:21:08+00:00,0 days 02:04:02,False
feb16184e1d9,REST API Errors,2,#ff8c00,StabilityAI,0,0,0,0,0,0,0,0,1,0,0,0,,,0,,,0,,,1,2024-08-02 04:11:48.844000+00:00,We are currently investigating elevated error rates detected by our monitoring.,0,,,2024-08-02 04:11:48+00:00,2024-08-02 04:11:48+00:00,0 days 00:00:00,False
9c46b7df4c59,REST API Errors,4,#8f485d,StabilityAI,0,0,0,0,0,0,0,0,1,0,0,1,2024-07-20 15:26:19.088000+00:00,We are currently investigating elevated error rates detected by our monitoring.,0,,,0,,,1,2024-07-20 18:35:00+00:00,This incident has been resolved.,0,,,2024-07-20 15:26:19+00:00,2024-07-20 18:35:00+00:00,0 days 03:08:40,False
3990f0ee862e,REST API Errors,2,#ff8c00,StabilityAI,0,0,0,0,0,0,0,0,1,0,0,1,2024-07-11 04:30:04.632000+00:00,We are currently investigating elevated error rates detected by our monitoring.,0,,,0,,,1,2024-07-11 05:50:00+00:00,This incident has been resolved.,0,,,2024-07-11 04:30:04+00:00,2024-07-11 05:50:00+00:00,0 days 01:19:55,False
5337130bde11,REST API Errors,2,#ff8c00,StabilityAI,0,0,0,0,0,0,0,0,1,0,0,1,2024-11-06 15:53:52.421000+00:00,We are currently investigating elevated error rates detected by our monitoring.,0,,,0,,,1,2024-11-06 18:00:00+00:00,This incident has been resolved.,0,,,2024-11-06 15:53:52+00:00,2024-11-06 18:00:00+00:00,0 days 02:06:07,False
f0167e2b8983,REST API Errors,2,#ff8c00,StabilityAI,0,0,0,0,0,0,0,0,1,0,0,1,2024-11-06 07:02:21.134000+00:00,We are currently investigating elevated error rates detected by our monitoring.,1,2024-11-06 09:07:45.039000+00:00,Stable Video inference is currently offline due to a GPU cluster issue. We are working to resolve this as quickly as possible.,1,2024-11-06 10:04:51.573000+00:00,A fix has been applied to the underlying issue and service is restored. We are continuing to monitor the situation.,1,2024-11-06 11:00:00+00:00,All systems are now stable.,0,,,2024-11-06 07:02:21+00:00,2024-11-06 11:00:00+00:00,0 days 03:57:38,False
a8c19ad8c8ef,REST API Errors,2,#ff8c00,StabilityAI,0,0,0,0,0,0,0,0,1,0,0,1,2024-10-07 17:29:20.776000+00:00,We are currently investigating elevated error rates detected by our monitoring.,0,,,0,,,1,2024-10-07 17:45:00+00:00,This incident has been resolved.,0,,,2024-10-07 17:29:20+00:00,2024-10-07 17:45:00+00:00,0 days 00:15:39,False
93861496526c,REST API v1 Errors,2,#ff8c00,StabilityAI,0,0,0,0,0,0,0,0,1,0,0,1,2024-12-19 07:26:53.042000+00:00,We are currently investigating elevated error rates detected by our monitoring.,1,2024-12-19 09:22:01.325000+00:00,"We have identified a routing issue with v1 REST APIs (SDXL, SD1.6). All requests to these APIs are currently returning errors. We are working with our cloud providers on a resolution.",0,,,1,2024-12-19 10:22:46.848000+00:00,We have resolved the issue and services are back online.,0,,,2024-12-19 07:26:53+00:00,2024-12-19 10:22:46+00:00,0 days 02:55:53,False
ff13460649ec,REST API Errors,0,#00b093,StabilityAI,0,0,0,0,0,0,0,0,1,0,0,1,2024-12-16 02:51:52.734000+00:00,We are currently investigating elevated error rates detected by our monitoring.,0,,,0,,,1,2024-12-16 03:31:12.832000+00:00,A failure in our monitoring system caused a series of false alarms. No services were impacted by this issue.,0,,,2024-12-16 02:51:52+00:00,2024-12-16 03:31:12+00:00,0 days 00:39:20,False
2cfcaec26200,REST API Errors - Stable Image services,2,#ff8c00,StabilityAI,0,0,0,0,0,0,0,0,1,0,0,1,2024-12-12 10:14:13.087000+00:00,Some Stable Image services are currently returning errors. We are investigating the issue.,1,2024-12-12 10:44:13.212000+00:00,We have identified the cause of the issue and are working to resolve it.,1,2024-12-12 11:19:57.966000+00:00,We have resolved the issue and service has been restored. We will continue monitoring.,1,2024-12-12 13:38:13.851000+00:00,We have verified the root cause and implemented mitigation while awaiting a vendor patch for the issue. No further disruptions are expected.,0,,,2024-12-12 10:14:13+00:00,2024-12-12 13:38:13+00:00,0 days 03:24:00,False
1ca88cd13117,REST API Errors,2,#ff8c00,StabilityAI,0,0,0,0,0,0,0,0,1,0,0,1,2024-11-06 15:53:52.421000+00:00,We are currently investigating elevated error rates detected by our monitoring.,0,,,0,,,1,2024-11-06 18:00:00+00:00,This incident has been resolved.,0,,,2024-11-06 15:53:52+00:00,2024-11-06 18:00:00+00:00,0 days 02:06:07,False
0fe917bece97,REST API Errors,2,#ff8c00,StabilityAI,0,0,0,0,0,0,0,0,1,0,0,1,2024-11-06 07:02:21.134000+00:00,We are currently investigating elevated error rates detected by our monitoring.,1,2024-11-06 09:07:45.039000+00:00,Stable Video inference is currently offline due to a GPU cluster issue. We are working to resolve this as quickly as possible.,1,2024-11-06 10:04:51.573000+00:00,A fix has been applied to the underlying issue and service is restored. We are continuing to monitor the situation.,1,2024-11-06 11:00:00+00:00,All systems are now stable.,0,,,2024-11-06 07:02:21+00:00,2024-11-06 11:00:00+00:00,0 days 03:57:38,False
